name,sequence
PRIMER_LEFT_0,TCTTTGCGATTTCAACCCTAAAT
PRIMER_RIGHT_0,TGTATGCATGTATATATTTATAGATGA
PRIMER_LEFT_1,CTTTGCGATTTCAACCCTAAATC
PRIMER_RIGHT_1,TGTATGCATGTATATATTTATAGATGAA
PRIMER_LEFT_2,ATTTCAACCCTAAATCCAGCAAG
PRIMER_RIGHT_2,TGTATGCATGTATATATTTATAGATG
PRIMER_LEFT_3,GATTTCAACCCTAAATCCAGCAA
PRIMER_RIGHT_3,ATGTATGCATGTATATATTTATAGATGA
PRIMER_LEFT_4,GTCTTTGCGATTTCAACCCTAAA
PRIMER_RIGHT_4,TGTATGCATGTATATATTTATAGATGAAA
PRIMER_LEFT_5,TTTGCGATTTCAACCCTAAATCC
PRIMER_RIGHT_5,ATGTATGCATGTATATATTTATAGATG
PRIMER_LEFT_6,TTTCAACCCTAAATCCAGCAAG
PRIMER_RIGHT_6,ATGTATGCATGTATATATTTATAGATGAA
PRIMER_LEFT_7,GTCTTTGCGATTTCAACCCTAA
PRIMER_RIGHT_7,GTATGCATGTATATATTTATAGATGAA
PRIMER_LEFT_8,TTGCGATTTCAACCCTAAATCC
PRIMER_RIGHT_8,ACATTGTTATATATATTTATGTATGCATG
PRIMER_LEFT_9,GATTTCAACCCTAAATCCAGCA
PRIMER_RIGHT_9,CATTGTTATATATATTTATGTATGCATGT
PRIMER_LEFT_10,TCTTTGCGATTTCAACCCTAAA
PRIMER_RIGHT_10,GTATGCATGTATATATTTATAGATGAAA
PRIMER_LEFT_11,CGATTTCAACCCTAAATCCAGC
PRIMER_RIGHT_11,CATTGTTATATATATTTATGTATGCATG
PRIMER_LEFT_12,GCGATTTCAACCCTAAATCCAG
PRIMER_RIGHT_12,TATGTATGCATGTATATATTTATAGATGA
PRIMER_LEFT_13,ATTTCAACCCTAAATCCAGCAA
PRIMER_RIGHT_13,GTATGCATGTATATATTTATAGATGAAAT
PRIMER_LEFT_14,TTGCGATTTCAACCCTAAATCCA
PRIMER_RIGHT_14,TATGTATGCATGTATATATTTATAGATG
PRIMER_LEFT_15,TCTTTGCGATTTCAACCCTAAATC
PRIMER_RIGHT_15,TTATGTATGCATGTATATATTTATAGATG
PRIMER_LEFT_16,GTCTTTGCGATTTCAACCCTAAAT
PRIMER_RIGHT_16,GATGAAATATTTATAGACATAACTATATC
PRIMER_LEFT_17,CGATTTCAACCCTAAATCCAGCA
PRIMER_LEFT_18,TGCGATTTCAACCCTAAATCCAG
PRIMER_LEFT_19,TGCGATTTCAACCCTAAATCCA
PRIMER_LEFT_20,GATTTCAACCCTAAATCCAGCAAG
PRIMER_LEFT_21,TTTGCGATTTCAACCCTAAATC
PRIMER_LEFT_22,CTTTGCGATTTCAACCCTAAAT
PRIMER_LEFT_23,GCGATTTCAACCCTAAATCCA
PRIMER_LEFT_24,TGCGATTTCAACCCTAAATCC
PRIMER_LEFT_25,GTCTTTGCGATTTCAACCCTA
PRIMER_LEFT_26,TTTCAACCCTAAATCCAGCAAGC
PRIMER_LEFT_27,CGTCTTTGCGATTTCAACCCTAA
PRIMER_LEFT_28,TTCAACCCTAAATCCAGCAAG
PRIMER_LEFT_29,CTTTGCGATTTCAACCCTAAATCC
