name,sequence,notes
PRIMER_LEFT_0_SEQUENCE,CTATGAGATGCTGTATAACACCG
PRIMER_RIGHT_0_SEQUENCE,GAACATTCTTCTAGGATCCAACC
PRIMER_LEFT_1_SEQUENCE,cgctgctctcaattatagaatGg
PRIMER_RIGHT_1_SEQUENCE,TGATCTTCTTATCCTTGGTAGCC
PRIMER_LEFT_2_SEQUENCE,AGAAGATCACTACCGTATAGacc
PRIMER_RIGHT_2_SEQUENCE,cCattctataattgagagcagcg
PRIMER_LEFT_3_SEQUENCE,ttgagtcaagtcatactacaagc
PRIMER_RIGHT_3_SEQUENCE,Cattctataattgagagcagcgg
PRIMER_LEFT_4_SEQUENCE,GAAGATCACTACCGTATAGaccg
PRIMER_RIGHT_4_SEQUENCE,GTGATCTTCTTATCCTTGGTAGC
